"Name","Code","Capital","Province","Area","Population"
"Austria","A","Vienna","Vienna",83850.0,8023244
"Afghanistan","AFG","Kabul","Afghanistan",647500.0,22664136
"Antigua and Barbuda","AG","Saint Johns","Antigua and Barbuda",442.0,65647
"Albania","AL","Tirane","Albania",28750.0,3249136
"American Samoa","AMSA","Pago Pago","American Samoa",199.0,65628
"Andorra","AND","Andorra la Vella","Andorra",450.0,72766
"Angola","ANG","Luanda","Luanda",1246700.0,10342899
"Armenia","ARM","Yerevan","Armenia",29800.0,3463574
"Aruba","ARU","Oranjestad","Aruba",193.0,103065
"Australia","AUS","Canberra","Australia Capital Territory",7686850.0,18260863
"Anguilla","AXA","The Valley","Anguilla",102.0,14436
"Azerbaijan","AZ","Baku","Azerbaijan",86600.0,7676953
"Belgium","B","Brussels","Brabant",30510.0,10170241
"Bangladesh","BD","Dhaka","Bangladesh",144000.0,123062800
"Barbados","BDS","Bridgetown","Barbados",430.0,257030
"Benin","BEN","Porto-Novo","Benin",112620.0,5709529
"Bermuda","BERM","Hamilton","Bermuda",53.3,67837
"Burkina Faso","BF","Ouagadougou","Burkina Faso",274200.0,10623323
"Bulgaria","BG","Sofia","Bulgaria",110910.0,8612757
"Bhutan","BHT","Thimphu","Bhutan",47000.0,1822625
"Burundi","BI","Bujumbura","Burundi",27830.0,5943057
"Bosnia and Herzegovina","BIH","Sarajevo","Bosnia and Herzegovina",51233.0,2656240
"Bolivia","BOL","La Paz","Bolivia",1098580.0,7165257
"Brazil","BR","Brasilia","Distrito Federal",8511960.0,162661214
"Bahrain","BRN","Manama","Bahrain",620.0,590042
"Brunei","BRU","Bandar Seri Begawan","Brunei",5770.0,299939
"Bahamas","BS","Nassau","Bahamas",13940.0,259367
"British Virgin Islands","BVIR","Road Town","British Virgin Islands",153.0,24491
"Belarus","BY","Minsk","Belarus",207600.0,10415973
"Belize","BZ","Belmopan","Belize",22960.0,219296
"Cuba","C","Havana","Ciudad de la Habana",110860.0,10951334
"Cameroon","CAM","Yaounde","Centre",475440.0,14261557
"Cayman Islands","CAYM","George Town","Cayman Islands",262.0,49035
"Canada","CDN","Ottawa","Ontario",9976140.0,28820671
"Switzerland","CH","Bern","BE",41290.0,7207060
"Cote dIvoire","CI","Yamoussoukro","Cote dIvoire",322460.0,14762445
"Sri Lanka","CL","Colombo","Sri Lanka",65610.0,18553074
"Colombia","CO","Bogota","Santa Fe de Bogota, DC",1138910.0,36813161
"Cocos Islands","COCO","West Island","Cocos Islands",14.0,596
"Comoros","COM","Moroni","Comoros",2170.0,569237
"Cook Islands","COOK","Avarua","Cook Islands",240.0,11870
"Costa Rica","CR","San Jose","San Jose",51100.0,3463083
"Cape Verde","CV","Praia","Cape Verde",4030.0,449066
"Cyprus","CY","Nicosia","Cyprus",9251.0,744609
"Czech Republic","CZ","Prague","Praha",78703.0,10321120
"Germany","D","Berlin","Berlin",356910.0,83536115
"Djibouti","DJI","Djibouti","Djibouti",22000.0,427642
"Denmark","DK","Copenhagen","Denmark",43070.0,5249632
"Dominican Republic","DOM","Santo Domingo","Dominican Republic",48730.0,8088881
"Algeria","DZ","Algier","Algeria",2381740.0,29183032
"Spain","E","Madrid","Madrid",504750.0,39181114
"Kenya","EAK","Nairobi","Nairobi",582650.0,28176686
"Tanzania","EAT","Dar es Salaam","Daressalam",945090.0,29058470
"Uganda","EAU","Kampala","Uganda",236040.0,20158176
"Ecuador","EC","Quito","Ecuador",283560.0,11466291
"Eritrea","ER","Asmara","Eritrea",121320.0,3427883
"El Salvador","ES","San Salvador","El Salvador",21040.0,5828987
"Egypt","ET","Cairo","El Qahira",1001450.0,63575107
"Ethiopia","ETH","Addis Ababa","Ethiopia",1127130.0,57171662
"Estonia","EW","Tallinn","Estonia",45100.0,1459428
"France","F","Paris","Ile de France",547030.0,58317450
"Falkland Islands","FALK","Stanley","Falkland Islands",12173.0,3140
"Faroe Islands","FARX","Torshavn","Faroe Islands",1400.0,43857
"French Guiana","FGU","Cayenne","French Guiana",91000.0,151187
"Fiji","FJI","Suva","Fiji",18270.0,782381
"Liechtenstein","FL","Vaduz","Liechtenstein",160.0,31122
"French Polynesia","FPOL","Papeete","French Polynesia",4167.0,287032
"Micronesia","FSM","Palikir","Micronesia",702.0,125377
"Gabon","G","Libreville","Gabon",267670.0,1172798
"Gaza Strip","GAZA","","",360.0,813332
"United Kingdom","GB","London","Greater London",244820.0,58489975
"Guernsey","GBG","Saint Peter Port","Guernsey",194.0,62920
"Jersey","GBJ","Saint Helier","Jersey",117.0,87848
"Man","GBM","Douglas","Man",588.0,73837
"Gibraltar","GBZ","Gibraltar","Gibraltar",6.5,28765
"Guatemala","GCA","Guatemala City","Guatemala",108890.0,11277614
"Georgia","GE","Tbilisi","Georgia",69700.0,5219810
"Ghana","GH","Accra","Ghana",238540.0,17698271
"Guinea-Bissau","GNB","Bissau","Guinea-Bissau",36120.0,1151330
"Equatorial Guinea","GQ","Malabo","Equatorial Guinea",28050.0,431282
"Greece","GR","Athens","Attiki",131940.0,10538594
"Greenland","GROX","Nuuk","Greenland",2175600.0,58203
"Guadeloupe","GUAD","Basse-Terre","Guadeloupe",1780.0,407768
"Guam","GUAM","Agana","Guam",541.3,178430
"Guyana","GUY","Georgetown","Guyana",214970.0,712091
"Hungary","H","Budapest","Budapest (munic.)",93030.0,10002541
"Honduras","HCA","Tegucigalpa","Francisco Morazan",112090.0,5605193
"Saint Helena","HELX","Jamestown","Saint Helena",413.0,7637
"Hong Kong","HONX","Hong Kong","Hong Kong",1092.0,7055071
"Croatia","HR","Zagreb","Croatia",56538.0,5004112
"Italy","I","Rome","Lazio",301230.0,57460274
"Israel","IL","Jerusalem","Central",20770.0,5421995
"India","IND","New Delhi","Delhi",3287590.0,952107694
"Iran","IR","Tehran","Tehran",1648000.0,66094264
"Ireland","IRL","Dublin","Ireland",70280.0,3566833
"Iraq","IRQ","Baghdad","Baghdad",437072.0,21422292
"Iceland","IS","Reykjavik","Iceland",103000.0,270292
"Japan","J","Tokyo","Tokyo",377835.0,125449703
"Jamaica","JA","Kingston","Jamaica",10991.0,2595275
"Jordan","JOR","Amman","Jordan",89213.0,4212152
"Cambodia","K","Phnom Penh","Cambodia",181040.0,10861218
"Kazakstan","KAZ","Almaty","Almaty (munic.)",2717300.0,16916463
"Kyrgyzstan","KGZ","Bishkek","Kyrgyzstan",198500.0,4529648
"Kiribati","KIR","Tarawa","Kiribati",717.0,80919
"Saint Kitts and Nevis","KN","Basseterre","Saint Kitts and Nevis",269.0,41369
"Kosovo","KOS","Pristina","Kosovo",10887.0,1804838
"Kuwait","KWT","Kuwait","Kuwait",17820.0,1950047
"Luxembourg","L","Luxembourg","Luxembourg",2586.0,415870
"Laos","LAO","Vientiane","Laos",236800.0,4975772
"Libya","LAR","Tripoli","Libya",1759540.0,5445436
"Liberia","LB","Monrovia","Liberia",111370.0,2109789
"Lesotho","LS","Maseru","Lesotho",30350.0,1970781
"Lithuania","LT","Vilnius","Lithuania",65200.0,3646041
"Latvia","LV","Riga","Latvia",64100.0,2468982
"Malta","M","Valletta","Malta",320.0,375576
"Morocco","MA","Rabat","Morocco",446550.0,29779156
"Macau","MACX","Macau","Macau",16.0,496837
"Malaysia","MAL","Kuala Lumpur","Fed. Terr. of Kuala Lumpur",329750.0,19962893
"Martinique","MART","Fort-de-France","Martinique",1128.0,399151
"Mayotte","MAYO","Mamoutzou","Mayotte",374.0,223765
"Monaco","MC","Monaco","Monaco",1.9,31719
"Moldova","MD","Chisinau","Moldova",33700.0,4463847
"Mexico","MEX","Mexico City","Distrito Federal",1972550.0,95772462
"Marshall Islands","MH","Majuro","Marshall Islands",181.3,58363
"Macedonia","MK","Skopje","Macedonia",25333.0,2104035
"Montenegro","MNE","Podgorica","Montenegro",14026.0,672180
"Mongolia","MNG","Ulaanbaatar","Mongolia",1565000.0,2496617
"Montserrat","MNTS","Plymouth","Montserrat",102.0,5097
"Mozambique","MOC","Maputo","Maputo (munic.)",801590.0,17877927
"Mauritius","MS","Port Louis","Mauritius",2040.0,1140256
"Maldives","MV","Male","Maldives",300.0,270758
"Malawi","MW","Lilongwe","Malawi",118480.0,9452844
"Myanmar","MYA","Rangoon","Yangon",678500.0,45975625
"Norway","N","Oslo","Oslo",324220.0,4383807
"Netherlands Antilles","NA","Willemstad","Netherlands Antilles",960.0,227049
"Namibia","NAM","Windhoek","Namibia",825418.0,1677243
"Nauru","NAU","Yaren","Nauru",21.0,10273
"New Caledonia","NCA","Noumea","New Caledonia",19060.0,227436
"Nepal","NEP","Kathmandu","Nepal",140800.0,22094033
"Nicaragua","NIC","Managua","Nicaragua",129494.0,4272352
"Niue","NIUE","Alofi","Niue",260.0,1398
"Netherlands","NL","Amsterdam","Noord Holland",37330.0,15568034
"Northern Mariana Islands","NMIS","Saipan","Northern Mariana Islands",477.0,88662
"North Korea","NOK","Pyongyang","North Korea",120540.0,23904124
"Norfolk Island","NORF","Kingston","Norfolk Island",34.6,2209
"New Zealand","NZ","Wellington","New Zealand",268680.0,3547983
"Oman","OM","Muscat","Oman",212460.0,2186548
"Portugal","P","Lisbon","Lisbon",92080.0,9865114
"Panama","PA","Panama City","Panama",78200.0,2655094
"Palau","PAL","Melekeok","Palau",458.0,16952
"Peru","PE","Lima","Lima",1285220.0,24523408
"Pitcairn Islands","PITC","Adamstown","Pitcairn Islands",47.0,48
"Pakistan","PK","Islamabad","Pakistan",803940.0,129275660
"Poland","PL","Warsaw","Warszwaskie",312683.0,38642565
"Papua New Guinea","PNG","Port Moresby","Papua New Guinea",461690.0,4394537
"Puerto Rico","PR","San Juan","Puerto Rico",8870.0,3971020
"Paraguay","PY","Asuncion","Paraguay",406750.0,5504146
"Qatar","Q","Doha","Qatar",11000.0,547761
"Russia","R","Moscow","Moskva",17075200.0,148178487
"Argentina","RA","Buenos Aires","Distrito Federal",2766890.0,34672997
"Botswana","RB","Gaborone","Botswana",600370.0,1477630
"Taiwan","RC","Taipei","Taiwan",36179.0,21465881
"Central African Republic","RCA","Bangui","Central African Republic",622980.0,3274426
"Congo","RCB","Brazzaville","Congo",342000.0,2527841
"Chile","RCH","Santiago","Chile",756950.0,14333258
"Reunion","REUN","Saint-Denis","Reunion",2510.0,679198
"Guinea","RG","Conakry","Guinea",245860.0,7411981
"Haiti","RH","Port-au-Prince","Haiti",27750.0,6731539
"Indonesia","RI","Jakarta","Indonesia",1919440.0,206611600
"Mauritania","RIM","Nouakchott","Mauritania",1030700.0,2336048
"Lebanon","RL","Beirut","Lebanon",10400.0,3776317
"Madagascar","RM","Antananarivo","Antananarivo",587041.0,13670507
"Mali","RMM","Bamako","Mali",1240000.0,9653261
"Niger","RN","Niamey","Niger",1267000.0,9113001
"Romania","RO","Bucharest","Bucuresti",237500.0,21657162
"South Korea","ROK","Seoul","South Korea",98480.0,45482291
"Uruguay","ROU","Montevideo","Uruguay",176220.0,3238952
"Philippines","RP","Manila","Philippines",299764.0,74480848
"South Africa","RSA","Pretoria","Gauteng",1219910.0,41743459
"San Marino","RSM","San Marino","San Marino",60.0,24521
"Togo","RT","Lome","Togo",56790.0,4570530
"Rwanda","RWA","Kigali","Rwanda",26340.0,6853359
"Sweden","S","Stockholm","Stockholm",449964.0,8900954
"Saudi Arabia","SA","Riyadh","Saudi Arabia",1960580.0,19409058
"Swaziland","SD","Mbabane","Swaziland",17360.0,998730
"Finland","SF","Helsinki","Uusimaa",337030.0,5105230
"Singapore","SGP","Singapore","Singapore",632.6,3396924
"Slovakia","SK","Bratislava","Slovakia",48845.0,5374362
"Solomon Islands","SLB","Honiara","Solomon Islands",28450.0,412902
"Slovenia","SLO","Ljubljana","Slovenia",20256.0,1951443
"Saint Martin","SMAR","Marigot","Saint Martin",54.0,29820
"Suriname","SME","Paramaribo","Suriname",163270.0,436418
"Senegal","SN","Dakar","Dakar",196190.0,9092749
"Somalia","SP","Mogadishu","Somalia",637660.0,9639151
"Saint Pierre and Miquelon","SPMI","Saint-Pierre","Saint Pierre and Miquelon",242.0,6809
"Serbia","SRB","Belgrade","Serbia",77474.0,7379339
"Sao Tome and Principe","STP","Sao Tome","Sao Tome and Principe",1001.0,144128
"Sudan","SUD","Khartoum","al Khartum",2505810.0,31547543
"Svalbard","SVAX","Longyearbyen","Svalbard",62049.0,2116
"Seychelles","SY","Victoria","Seychelles",455.0,77575
"Syria","SYR","Damascus","Syria",185180.0,15608648
"Tajikistan","TAD","Dushanbe","Dushanbe (munic.)",143100.0,5916373
"Chad","TCH","NDjamena","Chad",1284000.0,6976845
"Thailand","THA","Bangkok","Thailand",514000.0,58851357
"China","TJ","Beijing","Beijing (munic.)",9596960.0,1210004956
"Timor-Leste","TL","Dili","Timor-Leste",15007.0,1131612
"Turkmenistan","TM","Ashgabat","Ahal",488100.0,4149283
"Tunisia","TN","Tunis","Tunisia",163610.0,9019687
"Tonga","TO","Nukualofa","Tonga",748.0,106466
"Turkey","TR","Ankara","Ankara",780580.0,62484478
"Trinidad and Tobago","TT","Port-of-Spain","Trinidad and Tobago",5130.0,1272385
"Turks and Caicos Islands","TUCA","Grand Turk","Turks and Caicos Islands",430.0,22942
"Tuvalu","TUV","Funafuti","Tuvalu",26.0,10146
"Ukraine","UA","Kiev","Kyyivska",603700.0,50864009
"United Arab Emirates","UAE","Abu Dhabi","Abu Dhabi",75581.0,3057337
"United States","USA","Washington","Distr. Columbia",9372610.0,266476278
"Uzbekistan","UZB","Tashkent","Toshkent",447400.0,23418381
"Holy See","V","Vatican City","Holy See",0.44,840
"Virgin Islands","VIRG","Charlotte Amalie","Virgin Islands",352.0,97120
"Vietnam","VN","Hanoi","Vietnam",329560.0,73976973
"Vanuatu","VU","Port-Vila","Vanuatu",14760.0,177504
"Wallis and Futuna","WAFU","Mata-Utu","Wallis and Futuna",274.0,15289
"Gambia","WAG","Banjul","Gambia",11300.0,1204984
"Sierra Leone","WAL","Freetown","Sierra Leone",71740.0,4793121
"Nigeria","WAN","Abuja","Nigeria",923770.0,103912489
"Dominica","WD","Roseau","Dominica",746.0,82926
"West Bank","WEST","","",5860.0,1427741
"Grenada","WG","Saint Georges","Grenada",344.0,94961
"Saint Lucia","WL","Castries","Saint Lucia",620.0,157862
"Samoa","WS","Apia","Samoa",2860.0,214384
"Western Sahara","WSA","El Aaiun","Western Sahara",266000.0,222631
"Saint Vincent and the Grenadines","WV","Kingstown","Saint Vincent and the Grenadines",389.0,118344
"Christmas Island","XMAS","Flying Fish Cove","Christmas Island",135.0,1402
"Yemen","YE","Sanaa","Yemen",527970.0,13483178
"Venezuela","YV","Caracas","Distrito Federal",912050.0,21983188
"Zambia","Z","Lusaka","Lusaka",752610.0,9159072
"Zaire","ZRE","Kinshasa","Kinshasa",2345410.0,46498539
"Zimbabwe","ZW","Harare","Zimbabwe",390580.0,11271314
